cluster,Id,HouseholdCounter,EarningMembers,Car,MotorCycle,TravelTime,ClimateChange,FloodImpacted,EarningImpacted,PsychologicalImpacted,SchoolingAffected,LocalLangReadingLevel,ArithmeticLevel,EnglishReadingLevel,sample_size
1,1561810.1794500723,9.90014471780029,0.7105643994211288,0.3458755426917511,0.6599131693198264,1.3371924746743848,1.5499276410998553,1.541244573082489,2.813314037626628,1.9363241678726484,2.1447178002894356,3.3560057887120114,4.4703328509406655,3.377713458755427,691
2,1567553.3333333333,10.431372549019608,1.0406162464985995,0.6792717086834734,0.834733893557423,1.380952380952381,2.0476190476190474,2.899159663865546,4.3767507002801125,3.8095238095238093,3.910364145658263,2.0434173669467786,2.6876750700280114,2.2717086834733893,714
3,1567749.918970448,10.970448045757864,1.3813155386081983,1.0200190657769304,1.086749285033365,1.6577693040991421,2.2106768350810295,2.932316491897045,4.620591039084843,3.8303145853193517,3.856053384175405,4.407054337464252,6.131553860819828,4.670162059103909,1049
